{"cameraMode":{"drawMode":0,"name":"Shaded","section":"Shading Mode"},"sceneLighting":false,"audioPlay":false,"sceneViewState":{"showFog":true,"showMaterialUpdate":true,"showSkybox":true,"showFlares":true,"showImageEffects":true,"showParticleSystems":true,"showVisualEffectGraphs":true,"m_FxEnabled":true},"in2DMode":false,"pivot":{"x":311.920654296875,"y":143.9095001220703,"z":-153.20553588867188},"rotation":{"x":-0.17068547010421754,"y":0.029866036027669908,"z":0.00519368052482605,"w":0.9848846197128296},"size":26.980932235717775,"orthographic":false}