{"cameraMode":{"drawMode":0,"name":"Shaded","section":"Shading Mode"},"sceneLighting":false,"audioPlay":false,"sceneViewState":{"showFog":true,"showMaterialUpdate":true,"showSkybox":false,"showFlares":true,"showImageEffects":true,"showParticleSystems":true,"showVisualEffectGraphs":true,"m_FxEnabled":true},"in2DMode":false,"pivot":{"x":-60.32197570800781,"y":3.2438199520111086,"z":15.276348114013672},"rotation":{"x":0.14174066483974458,"y":-0.4931744337081909,"z":0.08181525766849518,"w":0.8543981909751892},"size":15.361352920532227,"orthographic":true}