{"cameraMode":{"drawMode":0,"name":"Shaded","section":"Shading Mode"},"sceneLighting":false,"audioPlay":false,"sceneViewState":{"showFog":true,"showMaterialUpdate":true,"showSkybox":false,"showFlares":true,"showImageEffects":true,"showParticleSystems":true,"showVisualEffectGraphs":true,"m_FxEnabled":true},"in2DMode":false,"pivot":{"x":2.1478941440582277,"y":17.21367645263672,"z":-6.721367835998535},"rotation":{"x":0.023991256952285768,"y":-0.018276209011673929,"z":0.0008037971565499902,"w":0.9996805787086487},"size":1.1940608024597169,"orthographic":false}