{"cameraMode":{"drawMode":0,"name":"Shaded","section":"Shading Mode"},"sceneLighting":false,"audioPlay":false,"sceneViewState":{"showFog":true,"showMaterialUpdate":true,"showSkybox":false,"showFlares":true,"showImageEffects":true,"showParticleSystems":true,"showVisualEffectGraphs":true,"m_FxEnabled":true},"in2DMode":false,"pivot":{"x":3.7688405513763429,"y":3.3236746788024904,"z":-8.022591590881348},"rotation":{"x":-0.04100537300109863,"y":0.06471990048885346,"z":0.0026395684108138086,"w":0.9970777630805969},"size":0.5240589380264282,"orthographic":false}