{"cameraMode":{"drawMode":0,"name":"Shaded","section":"Shading Mode"},"sceneLighting":false,"audioPlay":false,"sceneViewState":{"showFog":true,"showMaterialUpdate":true,"showSkybox":false,"showFlares":true,"showImageEffects":true,"showParticleSystems":true,"showVisualEffectGraphs":true,"m_FxEnabled":true},"in2DMode":false,"pivot":{"x":0.04406729340553284,"y":-51.81753158569336,"z":-250.4628143310547},"rotation":{"x":0.0009647296974435449,"y":-0.994836151599884,"z":0.10122029483318329,"w":0.009563914500176907},"size":6.866026878356934,"orthographic":false}