{"cameraMode":{"drawMode":0,"name":"Shaded","section":"Shading Mode"},"sceneLighting":false,"audioPlay":false,"sceneViewState":{"showFog":true,"showMaterialUpdate":true,"showSkybox":false,"showFlares":true,"showImageEffects":true,"showParticleSystems":true,"showVisualEffectGraphs":true,"m_FxEnabled":true},"in2DMode":false,"pivot":{"x":9.981252670288086,"y":-16.986068725585939,"z":45.759159088134769},"rotation":{"x":-0.46118369698524477,"y":-0.10471025109291077,"z":0.054908107966184619,"w":-0.8793985843658447},"size":12.770299911499024,"orthographic":false}