{"cameraMode":{"drawMode":0,"name":"Shaded","section":"Shading Mode"},"sceneLighting":false,"audioPlay":false,"sceneViewState":{"showFog":true,"showMaterialUpdate":true,"showSkybox":false,"showFlares":true,"showImageEffects":true,"showParticleSystems":true,"showVisualEffectGraphs":true,"m_FxEnabled":true},"in2DMode":false,"pivot":{"x":-15.110149383544922,"y":1.748408317565918,"z":7.230144023895264},"rotation":{"x":0.031451426446437839,"y":-0.05244997888803482,"z":0.0016527818515896798,"w":0.9981282949447632},"size":2.7990379333496095,"orthographic":false}