{"cameraMode":{"drawMode":0,"name":"Shaded","section":"Shading Mode"},"sceneLighting":false,"audioPlay":false,"sceneViewState":{"showFog":true,"showMaterialUpdate":true,"showSkybox":false,"showFlares":true,"showImageEffects":true,"showParticleSystems":true,"showVisualEffectGraphs":true,"m_FxEnabled":true},"in2DMode":false,"pivot":{"x":8.411614418029786,"y":-0.4443957805633545,"z":24.284496307373048},"rotation":{"x":-0.08481322973966599,"y":-0.11631767451763153,"z":0.009963331744074822,"w":-0.9895393252372742},"size":3.7158710956573488,"orthographic":false}